--raza
INSERT INTO raza(id, nombre) VALUES ('550e8400-e29b-41d4-a716-446655440000', 'Podenco');
INSERT INTO raza(id, nombre) VALUES ('550e8400-e29b-41d4-a716-446655440001', 'Labrador Retriever');
INSERT INTO raza(id, nombre) VALUES ('550e8400-e29b-41d4-a716-446655440002', 'Siames');
INSERT INTO raza(id, nombre) VALUES ('550e8400-e29b-41d4-a716-446655440003', 'Persa');
INSERT INTO raza(id, nombre) VALUES ('550e8400-e29b-41d4-a716-446655440004', 'Bengali');
INSERT INTO raza(id, nombre) VALUES ('550e8400-e29b-41d4-a716-446655440005', 'Beagle');
INSERT INTO raza(id, nombre) VALUES ('550e8400-e29b-41d4-a716-446655440006', 'Husky Siberiano');
INSERT INTO raza(id, nombre) VALUES ('550e8400-e29b-41d4-a716-446655440007', 'Rottweiler');
INSERT INTO raza(id, nombre) VALUES ('550e8400-e29b-41d4-a716-446655440008', 'Dálmata');
INSERT INTO raza(id, nombre) VALUES ('550e8400-e29b-41d4-a716-446655440009', 'Golden Retriever');
INSERT INTO raza(id, nombre) VALUES ('550e8400-e29b-41d4-a716-446655440010', 'Bulldog Francés');
INSERT INTO raza(id, nombre) VALUES ('550e8400-e29b-41d4-a716-446655440011', 'Pastor Aleman');
INSERT INTO raza(id, nombre) VALUES ('550e8400-e29b-41d4-a716-446655440012', 'Yorkshire Terrier');
INSERT INTO raza(id, nombre) VALUES ('550e8400-e29b-41d4-a716-446655440013', 'Chihuahua');
INSERT INTO raza(id, nombre) VALUES ('550e8400-e29b-41d4-a716-446655440014', 'Caniche');
INSERT INTO raza(id, nombre) VALUES ('550e8400-e29b-41d4-a716-446655440015', 'Boxer');
INSERT INTO raza(id, nombre) VALUES ('550e8400-e29b-41d4-a716-446655440016', 'Shih Tzu');
INSERT INTO raza(id, nombre) VALUES ('550e8400-e29b-41d4-a716-446655440017', 'Doberman');
INSERT INTO raza(id, nombre) VALUES ('550e8400-e29b-41d4-a716-446655440018', 'Border Collie');
INSERT INTO raza(id, nombre) VALUES ('550e8400-e29b-41d4-a716-446655440019', 'Cocker Spaniel');
INSERT INTO raza(id, nombre) VALUES ('550e8400-e29b-41d4-a716-446655440020', 'Bichón Maltés');
INSERT INTO raza(id, nombre) VALUES ('550e8400-e29b-41d4-a716-446655440021', 'Maine Coon');
INSERT INTO raza(id, nombre) VALUES ('550e8400-e29b-41d4-a716-446655440022', 'Ragdoll');
INSERT INTO raza(id, nombre) VALUES ('550e8400-e29b-41d4-a716-446655440023', 'British Shorthair');
INSERT INTO raza(id, nombre) VALUES ('550e8400-e29b-41d4-a716-446655440024', 'Esfinge');
INSERT INTO raza(id, nombre) VALUES ('550e8400-e29b-41d4-a716-446655440025', 'Abisinio');
INSERT INTO raza(id, nombre) VALUES ('550e8400-e29b-41d4-a716-446655440026', 'Siberiano');
INSERT INTO raza(id, nombre) VALUES ('550e8400-e29b-41d4-a716-446655440027', 'Birmano');
INSERT INTO raza(id, nombre) VALUES ('550e8400-e29b-41d4-a716-446655440028', 'Oriental Shorthair');
INSERT INTO raza(id, nombre) VALUES ('550e8400-e29b-41d4-a716-446655440029', 'Bobtail Japones');
INSERT INTO raza(id, nombre) VALUES ('550e8400-e29b-41d4-a716-446655440030', 'American Shorthair');
INSERT INTO raza(id, nombre) VALUES ('550e8400-e29b-41d4-a716-446655440031', 'Pastor Belga Malinois');
INSERT INTO raza(id, nombre) VALUES ('550e8400-e29b-41d4-a716-446655440032', 'Akita Inu');
INSERT INTO raza(id, nombre) VALUES ('550e8400-e29b-41d4-a716-446655440033', 'Shar Pei');
INSERT INTO raza(id, nombre) VALUES ('550e8400-e29b-41d4-a716-446655440034', 'San Bernardo');
INSERT INTO raza(id, nombre) VALUES ('550e8400-e29b-41d4-a716-446655440035', 'Terranova');
INSERT INTO raza(id, nombre) VALUES ('550e8400-e29b-41d4-a716-446655440036', 'Galgo Español');
INSERT INTO raza(id, nombre) VALUES ('550e8400-e29b-41d4-a716-446655440037', 'West Highland White Terrier');
INSERT INTO raza(id, nombre) VALUES ('550e8400-e29b-41d4-a716-446655440038', 'Basset Hound');
INSERT INTO raza(id, nombre) VALUES ('550e8400-e29b-41d4-a716-446655440039', 'Boyero de Berna');
INSERT INTO raza(id, nombre) VALUES ('550e8400-e29b-41d4-a716-446655440040', 'Scottish Fold');
INSERT INTO raza(id, nombre) VALUES ('550e8400-e29b-41d4-a716-446655440041', 'Manx');
INSERT INTO raza(id, nombre) VALUES ('550e8400-e29b-41d4-a716-446655440042', 'Cornish Rex');
INSERT INTO raza(id, nombre) VALUES ('550e8400-e29b-41d4-a716-446655440043', 'Devon Rex');
INSERT INTO raza(id, nombre) VALUES ('550e8400-e29b-41d4-a716-446655440044', 'Burmes');
INSERT INTO raza(id, nombre) VALUES ('550e8400-e29b-41d4-a716-446655440045', 'Tonkines');
INSERT INTO raza(id, nombre) VALUES ('550e8400-e29b-41d4-a716-446655440046', 'Cobaya de pelo corto');
INSERT INTO raza(id, nombre) VALUES ('550e8400-e29b-41d4-a716-446655440047', 'Cobaya de pelo largo (Peruana)');
INSERT INTO raza(id, nombre) VALUES ('550e8400-e29b-41d4-a716-446655440048', 'Cobaya Abisinia');
INSERT INTO raza(id, nombre) VALUES ('550e8400-e29b-41d4-a716-446655440049', 'Conejo Belier');
INSERT INTO raza(id, nombre) VALUES ('550e8400-e29b-41d4-a716-446655440050', 'Conejo Enano Holandés');
INSERT INTO raza(id, nombre) VALUES ('550e8400-e29b-41d4-a716-446655440051', 'Agapornis');
INSERT INTO raza(id, nombre) VALUES ('550e8400-e29b-41d4-a716-446655440052', 'Ninfa');
INSERT INTO raza(id, nombre) VALUES ('550e8400-e29b-41d4-a716-446655440053', 'Periquito Australiano');
INSERT INTO raza(id, nombre) VALUES ('550e8400-e29b-41d4-a716-446655440054', 'Pogona (Dragón Barbudo)');
INSERT INTO raza(id, nombre) VALUES ('550e8400-e29b-41d4-a716-446655440055', 'Gecko Leopardo');
INSERT INTO raza(id, nombre) VALUES ('550e8400-e29b-41d4-a716-446655440056', 'Hámster Sirio');
INSERT INTO raza(id, nombre) VALUES ('550e8400-e29b-41d4-a716-446655440057', 'Hámster Ruso');
INSERT INTO raza(id, nombre) VALUES ('550e8400-e29b-41d4-a716-446655440058', 'Raton Domestico');
INSERT INTO raza(id, nombre) VALUES ('550e8400-e29b-41d4-a716-446655440059', 'Jerbo de Mongolia');
INSERT INTO raza(id, nombre) VALUES ('550e8400-e29b-41d4-a716-446655440060', 'Carpa Koi');

--usuario
INSERT INTO usuario (id, email, username, password, registration_date, enabled, activation_token, created_at)
VALUES ('550e8400-e29b-41d4-a716-446655440000', 'admin@example.com', 'admin', '{noop}admin', '2025-02-05',  TRUE, '986541', NOW());
INSERT INTO usuario (id, email, username, password, registration_date, enabled, activation_token, created_at)
VALUES ('550e8400-e29b-41d4-a716-446655440001', 'user1@example.com', 'user1', '{noop}1234', '2025-02-01', TRUE, '023654', NOW());
INSERT INTO usuario (id, email, username, password, registration_date, enabled, activation_token, created_at)
VALUES ('550e8400-e29b-41d4-a716-446655440002', 'user2@example.com', 'user2', '{noop}9865432', '2025-02-02', TRUE, '654321', NOW());
INSERT INTO usuario (id, email, username, password, registration_date, enabled, activation_token, created_at)
VALUES ('550e8400-e29b-41d4-a716-446655440003', 'user3@example.com', 'user3', '{noop}789563', '2025-02-03', TRUE, '987654', NOW());
INSERT INTO usuario (id, email, username, password, registration_date, enabled, activation_token, created_at)
VALUES ('550e8400-e29b-41d4-a716-446655440004', 'user4@example.com', 'user4', '{noop}12345678', '2025-02-04', TRUE, '456123', NOW());
INSERT INTO usuario (id, email, username, password, registration_date, enabled, activation_token, created_at)
VALUES ('550e8400-e29b-41d4-a716-446655440005', 'lola.lopez@example.com', 'lola_l', '{noop}contrasena1', '2025-03-10', TRUE, '789012', NOW());
INSERT INTO usuario (id, email, username, password, registration_date, enabled, activation_token, created_at)
VALUES ('550e8400-e29b-41d4-a716-446655440006', 'carlos.perez@example.com', 'carlos_p', '{noop}segura2', '2025-01-20', TRUE, '345678', NOW());
INSERT INTO usuario (id, email, username, password, registration_date, enabled, activation_token, created_at)
VALUES ('550e8400-e29b-41d4-a716-446655440007', 'ana.gomez@example.com', 'ana_g', '{noop}mypass3', '2025-04-05', FALSE, '901234', NOW());
INSERT INTO usuario (id, email, username, password, registration_date, enabled, activation_token, created_at)
VALUES ('550e8400-e29b-41d4-a716-446655440008', 'javier.ruiz@example.com', 'javier_r', '{noop}clave4', '2025-02-25', TRUE, '567890', NOW());
INSERT INTO usuario (id, email, username, password, registration_date, enabled, activation_token, created_at)
VALUES ('550e8400-e29b-41d4-a716-446655440009', 'sofia.martin@example.com', 'sofia_m', '{noop}password5', '2025-03-22', TRUE, '123789', NOW());
INSERT INTO usuario (id, email, username, password, registration_date, enabled, activation_token, created_at)
VALUES ('550e8400-e29b-41d4-a716-446655440010', 'miguel.sanchez@example.com', 'miguel_s', '{noop}miclave6', '2025-01-15', FALSE, '876543', NOW());
INSERT INTO usuario (id, email, username, password, registration_date, enabled, activation_token, created_at)
VALUES ('550e8400-e29b-41d4-a716-446655440011', 'isabel.diaz@example.com', 'isabel_d', '{noop}secret7', '2025-04-12', TRUE, '234567', NOW());
INSERT INTO usuario (id, email, username, password, registration_date, enabled, activation_token, created_at)
VALUES ('550e8400-e29b-41d4-a716-446655440012', 'pablo.fernandez@example.com', 'pablo_f', '{noop}oculta8', '2025-02-10', FALSE, '678901', NOW());
INSERT INTO usuario (id, email, username, password, registration_date, enabled, activation_token, created_at)
VALUES ('550e8400-e29b-41d4-a716-446655440013', 'lucia.vargas@example.com', 'lucia_v', '{noop}llave9', '2025-03-01', FALSE, '012345', NOW());
INSERT INTO usuario (id, email, username, password, registration_date, enabled, activation_token, created_at)
VALUES ('550e8400-e29b-41d4-a716-446655440014', 'enrique.moreno@example.com', 'enrique_m', '{noop}pas10', '2025-01-28', TRUE, '456789', NOW());
INSERT INTO usuario (id, email, username, password, registration_date, enabled, activation_token, created_at)
VALUES ('550e8400-e29b-41d4-a716-446655440015', 'marta.jimenez@example.com', 'marta_j', '{noop}clave11', '2025-05-01', TRUE, '741852', NOW());
INSERT INTO usuario (id, email, username, password, registration_date, enabled, activation_token, created_at)
VALUES ('550e8400-e29b-41d4-a716-446655440016', 'alberto.rodriguez@example.com', 'alberto_r', '{noop}seguro12', '2025-03-28', TRUE, '963258', NOW());
INSERT INTO usuario (id, email, username, password, registration_date, enabled, activation_token, created_at)
VALUES ('550e8400-e29b-41d4-a716-446655440017', 'elena.fernandez@example.com', 'elena_f', '{noop}mipass13', '2025-04-20', TRUE, '159357', NOW());
INSERT INTO usuario (id, email, username, password, registration_date, enabled, activation_token, created_at)
VALUES ('550e8400-e29b-41d4-a716-446655440018', 'sergio.lopez@example.com', 'sergio_l', '{noop}llave14', '2025-02-18', TRUE, '852147', NOW());
INSERT INTO usuario (id, email, username, password, registration_date, enabled, activation_token, created_at)
VALUES ('550e8400-e29b-41d4-a716-446655440019', 'patricia.martin@example.com', 'patricia_m', '{noop}contra15', '2025-05-10', FALSE, '369258', NOW());
INSERT INTO usuario (id, email, username, password, registration_date, enabled, activation_token, created_at)
VALUES ('550e8400-e29b-41d4-a716-446655440020', 'david.sanchez@example.com', 'david_s', '{noop}clave16', '2025-03-05', TRUE, '258741', NOW());
INSERT INTO usuario (id, email, username, password, registration_date, enabled, activation_token, created_at)
VALUES ('550e8400-e29b-41d4-a716-446655440021', 'laura.diaz@example.com', 'laura_d', '{noop}segura17', '2025-04-25', FALSE, '987123', NOW());
INSERT INTO usuario (id, email, username, password, registration_date, enabled, activation_token, created_at)
VALUES ('550e8400-e29b-41d4-a716-446655440022', 'manuel.ruiz@example.com', 'manuel_r', '{noop}mipass18', '2025-02-28', TRUE, '654987', NOW());
INSERT INTO usuario (id, email, username, password, registration_date, enabled, activation_token, created_at)
VALUES ('550e8400-e29b-41d4-a716-446655440023', 'carmen.vargas@example.com', 'carmen_v', '{noop}llave19', '2025-05-15', FALSE, '321654', NOW());
INSERT INTO usuario (id, email, username, password, registration_date, enabled, activation_token, created_at)
VALUES ('550e8400-e29b-41d4-a716-446655440024', 'pedro.moreno@example.com', 'pedro_m', '{noop}contra20', '2025-03-12', TRUE, '789456', NOW());

--userRoles
INSERT INTO usuario_roles (usuario_id, roles) VALUES('550e8400-e29b-41d4-a716-446655440000', 'ADMIN');
INSERT INTO usuario_roles (usuario_id, roles) VALUES('550e8400-e29b-41d4-a716-446655440001', 'USER');
INSERT INTO usuario_roles (usuario_id, roles) VALUES('550e8400-e29b-41d4-a716-446655440002', 'USER');
INSERT INTO usuario_roles (usuario_id, roles) VALUES('550e8400-e29b-41d4-a716-446655440003', 'USER');
INSERT INTO usuario_roles (usuario_id, roles) VALUES('550e8400-e29b-41d4-a716-446655440004', 'USER');
INSERT INTO usuario_roles (usuario_id, roles) VALUES('550e8400-e29b-41d4-a716-446655440005', 'USER');
INSERT INTO usuario_roles (usuario_id, roles) VALUES('550e8400-e29b-41d4-a716-446655440006', 'USER');
INSERT INTO usuario_roles (usuario_id, roles) VALUES('550e8400-e29b-41d4-a716-446655440007', 'USER');
INSERT INTO usuario_roles (usuario_id, roles) VALUES('550e8400-e29b-41d4-a716-446655440008', 'USER');
INSERT INTO usuario_roles (usuario_id, roles) VALUES('550e8400-e29b-41d4-a716-446655440009', 'USER');
INSERT INTO usuario_roles (usuario_id, roles) VALUES('550e8400-e29b-41d4-a716-446655440010', 'USER');
INSERT INTO usuario_roles (usuario_id, roles) VALUES('550e8400-e29b-41d4-a716-446655440011', 'USER');
INSERT INTO usuario_roles (usuario_id, roles) VALUES('550e8400-e29b-41d4-a716-446655440012', 'USER');
INSERT INTO usuario_roles (usuario_id, roles) VALUES('550e8400-e29b-41d4-a716-446655440013', 'USER');
INSERT INTO usuario_roles (usuario_id, roles) VALUES('550e8400-e29b-41d4-a716-446655440014', 'USER');
INSERT INTO usuario_roles (usuario_id, roles) VALUES('550e8400-e29b-41d4-a716-446655440015', 'USER');
INSERT INTO usuario_roles (usuario_id, roles) VALUES('550e8400-e29b-41d4-a716-446655440016', 'USER');
INSERT INTO usuario_roles (usuario_id, roles) VALUES('550e8400-e29b-41d4-a716-446655440017', 'USER');
INSERT INTO usuario_roles (usuario_id, roles) VALUES('550e8400-e29b-41d4-a716-446655440018', 'USER');
INSERT INTO usuario_roles (usuario_id, roles) VALUES('550e8400-e29b-41d4-a716-446655440019', 'USER');
INSERT INTO usuario_roles (usuario_id, roles) VALUES('550e8400-e29b-41d4-a716-446655440020', 'USER');
INSERT INTO usuario_roles (usuario_id, roles) VALUES('550e8400-e29b-41d4-a716-446655440021', 'USER');
INSERT INTO usuario_roles (usuario_id, roles) VALUES('550e8400-e29b-41d4-a716-446655440022', 'USER');
INSERT INTO usuario_roles (usuario_id, roles) VALUES('550e8400-e29b-41d4-a716-446655440023', 'USER');
INSERT INTO usuario_roles (usuario_id, roles) VALUES('550e8400-e29b-41d4-a716-446655440024', 'USER');

--especie
INSERT INTO especie(id, nombre, fecha_registro) VALUES ('550e8400-e29b-41d4-a716-446655440000', 'Canino', '2025-01-01');
INSERT INTO especie(id, nombre, fecha_registro) VALUES ('550e8400-e29b-41d4-a716-446655440001', 'Felino', '2025-01-01');
INSERT INTO especie(id, nombre, fecha_registro) VALUES ('550e8400-e29b-41d4-a716-446655440002', 'Aves', '2022-07-22');
INSERT INTO especie(id, nombre, fecha_registro) VALUES ('550e8400-e29b-41d4-a716-446655440003', 'Reptiles', '2025-01-11');
INSERT INTO especie(id, nombre, fecha_registro) VALUES ('550e8400-e29b-41d4-a716-446655440004', 'Anfibios', '2022-01-01');
INSERT INTO especie(id, nombre, fecha_registro) VALUES ('550e8400-e29b-41d4-a716-446655440005', 'Peces', '2023-01-01');
INSERT INTO especie(id, nombre, fecha_registro) VALUES ('550e8400-e29b-41d4-a716-446655440006', 'Invertebrados', '2024-06-22');
INSERT INTO especie(id, nombre, fecha_registro) VALUES ('550e8400-e29b-41d4-a716-446655440007', 'Equino', '2025-02-01');
INSERT INTO especie(id, nombre, fecha_registro) VALUES ('550e8400-e29b-41d4-a716-446655440008', 'Rumiantes', '2025-01-01');
INSERT INTO especie(id, nombre, fecha_registro) VALUES ('550e8400-e29b-41d4-a716-446655440009', 'Roedores', '2025-01-01');
INSERT INTO especie(id, nombre, fecha_registro) VALUES ('550e8400-e29b-41d4-a716-446655440010', 'Carnivoros', '2025-01-01');
INSERT INTO especie(id, nombre, fecha_registro) VALUES ('550e8400-e29b-41d4-a716-446655440011', 'Perro domestico', '2024-03-15');
INSERT INTO especie(id, nombre, fecha_registro) VALUES ('550e8400-e29b-41d4-a716-446655440012', 'Gato domestico', '2023-11-20');
INSERT INTO especie(id, nombre, fecha_registro) VALUES ('550e8400-e29b-41d4-a716-446655440013', 'Canario', '2025-04-01');
INSERT INTO especie(id, nombre, fecha_registro) VALUES ('550e8400-e29b-41d4-a716-446655440014', 'Serpiente de maiz', '2024-08-10');
INSERT INTO especie(id, nombre, fecha_registro) VALUES ('550e8400-e29b-41d4-a716-446655440015', 'Rana toro', '2023-05-05');
INSERT INTO especie(id, nombre, fecha_registro) VALUES ('550e8400-e29b-41d4-a716-446655440016', 'Pez dorado', '2022-09-25');
INSERT INTO especie(id, nombre, fecha_registro) VALUES ('550e8400-e29b-41d4-a716-446655440017', 'Mariposa monarca', '2025-03-01');
INSERT INTO especie(id, nombre, fecha_registro) VALUES ('550e8400-e29b-41d4-a716-446655440018', 'Caballo árabe', '2024-12-01');
INSERT INTO especie(id, nombre, fecha_registro) VALUES ('550e8400-e29b-41d4-a716-446655440019', 'Vaca Holstein', '2023-07-18');
INSERT INTO especie(id, nombre, fecha_registro) VALUES ('550e8400-e29b-41d4-a716-446655440020', 'Hamster sirio', '2022-02-14');
INSERT INTO especie(id, nombre, fecha_registro) VALUES ('550e8400-e29b-41d4-a716-446655440021', 'Leon africano', '2025-05-01');
INSERT INTO especie(id, nombre, fecha_registro) VALUES ('550e8400-e29b-41d4-a716-446655440022', 'Loro gris africano', '2024-01-20');
INSERT INTO especie(id, nombre, fecha_registro) VALUES ('550e8400-e29b-41d4-a716-446655440023', 'Tortuga mediterranea', '2023-09-10');
INSERT INTO especie(id, nombre, fecha_registro) VALUES ('550e8400-e29b-41d4-a716-446655440024', 'Salamandra comun', '2022-06-01');
INSERT INTO especie(id, nombre, fecha_registro) VALUES ('550e8400-e29b-41d4-a716-446655440025', 'Pez payaso', '2025-02-28');
INSERT INTO especie(id, nombre, fecha_registro) VALUES ('550e8400-e29b-41d4-a716-446655440026', 'Abeja europea', '2024-04-05');
INSERT INTO especie(id, nombre, fecha_registro) VALUES ('550e8400-e29b-41d4-a716-446655440027', 'Pura sangre ingles', '2023-12-22');
INSERT INTO especie(id, nombre, fecha_registro) VALUES ('550e8400-e29b-41d4-a716-446655440028', 'Cabra alpina', '2022-08-15');
INSERT INTO especie(id, nombre, fecha_registro) VALUES ('550e8400-e29b-41d4-a716-446655440029', 'Rata comun', '2025-03-20');
INSERT INTO especie(id, nombre, fecha_registro) VALUES ('550e8400-e29b-41d4-a716-446655440030', 'Tigre de Bengala', '2024-07-01');
INSERT INTO especie(id, nombre, fecha_registro) VALUES ('550e8400-e29b-41d4-a716-446655440031', 'Aguila real', '2023-03-10');
INSERT INTO especie(id, nombre, fecha_registro) VALUES ('550e8400-e29b-41d4-a716-446655440032', 'Lagarto ocelado', '2022-10-01');
INSERT INTO especie(id, nombre, fecha_registro) VALUES ('550e8400-e29b-41d4-a716-446655440033', 'Sapo comun', '2025-01-25');
INSERT INTO especie(id, nombre, fecha_registro) VALUES ('550e8400-e29b-41d4-a716-446655440034', 'Trucha arcoiris', '2024-05-15');
INSERT INTO especie(id, nombre, fecha_registro) VALUES ('550e8400-e29b-41d4-a716-446655440035', 'Hormiga león', '2023-08-01');
INSERT INTO especie(id, nombre, fecha_registro) VALUES ('550e8400-e29b-41d4-a716-446655440036', 'Burro andaluz', '2022-04-20');
INSERT INTO especie(id, nombre, fecha_registro) VALUES ('550e8400-e29b-41d4-a716-446655440037', 'Oveja merina', '2025-04-10');
INSERT INTO especie(id, nombre, fecha_registro) VALUES ('550e8400-e29b-41d4-a716-446655440038', 'Conejo europeo', '2024-09-01');
INSERT INTO especie(id, nombre, fecha_registro) VALUES ('550e8400-e29b-41d4-a716-446655440039', 'Lobo ibérico', '2023-06-05');
INSERT INTO especie(id, nombre, fecha_registro) VALUES ('550e8400-e29b-41d4-a716-446655440040', 'Paloma bravía', '2022-11-15');
INSERT INTO especie(id, nombre, fecha_registro) VALUES ('550e8400-e29b-41d4-a716-446655440041', 'Camaleon comun', '2025-05-10');
INSERT INTO especie(id, nombre, fecha_registro) VALUES ('550e8400-e29b-41d4-a716-446655440042', 'Tritón jaspeado', '2024-02-20');
INSERT INTO especie(id, nombre, fecha_registro) VALUES ('550e8400-e29b-41d4-a716-446655440043', 'Salmón atlántico', '2023-10-01');
INSERT INTO especie(id, nombre, fecha_registro) VALUES ('550e8400-e29b-41d4-a716-446655440044', 'Luciernaga', '2022-07-05');
INSERT INTO especie(id, nombre, fecha_registro) VALUES ('550e8400-e29b-41d4-a716-446655440045', 'Mula', '2025-03-05');
INSERT INTO especie(id, nombre, fecha_registro) VALUES ('550e8400-e29b-41d4-a716-446655440046', 'Ciervo comun', '2024-11-01');
INSERT INTO especie(id, nombre, fecha_registro) VALUES ('550e8400-e29b-41d4-a716-446655440047', 'Cobaya', '2023-04-15');
INSERT INTO especie(id, nombre, fecha_registro) VALUES ('550e8400-e29b-41d4-a716-446655440048', 'Zorro rojo', '2022-01-10');
INSERT INTO especie(id, nombre, fecha_registro) VALUES ('550e8400-e29b-41d4-a716-446655440049', 'Gorrion comun', '2025-02-15');
INSERT INTO especie(id, nombre, fecha_registro) VALUES ('550e8400-e29b-41d4-a716-446655440050', 'Eslizon iberico', '2024-06-10');
INSERT INTO especie(id, nombre, fecha_registro) VALUES ('550e8400-e29b-41d4-a716-446655440051', 'Rana iberica', '2023-11-05');
INSERT INTO especie(id, nombre, fecha_registro) VALUES ('550e8400-e29b-41d4-a716-446655440052', 'Boqueron', '2022-09-01');
INSERT INTO especie(id, nombre, fecha_registro) VALUES ('550e8400-e29b-41d4-a716-446655440053', 'Caracol comun', '2025-05-05');
INSERT INTO especie(id, nombre, fecha_registro) VALUES ('550e8400-e29b-41d4-a716-446655440054', 'Poni Shetland', '2024-01-05');
INSERT INTO especie(id, nombre, fecha_registro) VALUES ('550e8400-e29b-41d4-a716-446655440055', 'Bufalo de agua', '2023-07-01');
INSERT INTO especie(id, nombre, fecha_registro) VALUES ('550e8400-e29b-41d4-a716-446655440056', 'Jerbo', '2022-03-15');
INSERT INTO especie(id, nombre, fecha_registro) VALUES ('550e8400-e29b-41d4-a716-446655440057', 'Guepardo', '2025-01-15');
INSERT INTO especie(id, nombre, fecha_registro) VALUES ('550e8400-e29b-41d4-a716-446655440058', 'Martin pescador', '2024-08-15');
INSERT INTO especie(id, nombre, fecha_registro) VALUES ('550e8400-e29b-41d4-a716-446655440059', 'Escarabajo rinoceronte', '2023-05-20');
INSERT INTO especie(id, nombre, fecha_registro) VALUES ('550e8400-e29b-41d4-a716-446655440060', 'Pez espada', '2022-10-15');

--mascota
INSERT INTO mascota (id, nombre, fecha_nacimiento, biografia, avatar, raza_id, especie_id, usuario_id)
VALUES ('550e8400-e29b-41d4-a716-446655440100', 'Max', '2020-05-15', 'Un perro muy juguetón y amigable.', 'https://media.istockphoto.com/id/1482199015/es/foto/feliz-cachorro-gal%C3%A9s-corgi-14-semanas-de-edad-perro-gui%C3%B1ando-un-ojo-jadeando-y-sentado-aislado.jpg?s=2048x2048&w=is&k=20&c=qPa38iUDR2AmNbK0wkykR1vR73cZRTgprD4cF-saOm4=', '550e8400-e29b-41d4-a716-446655440001', '550e8400-e29b-41d4-a716-446655440000', '550e8400-e29b-41d4-a716-446655440001');
INSERT INTO mascota (id, nombre, fecha_nacimiento, biografia, avatar, raza_id, especie_id, usuario_id)
VALUES ('550e8400-e29b-41d4-a716-446655440101', 'Luna', '2019-08-20', 'Gata persa tranquila y cariñosa.', 'https://img.freepik.com/foto-gratis/primer-plano-ingles-staffordshire-bull-terrier-blanco_181624-28979.jpg?ga=GA1.1.1430350829.1743060483&semt=ais_hybrid&w=740', '550e8400-e29b-41d4-a716-446655440003', '550e8400-e29b-41d4-a716-446655440001', '550e8400-e29b-41d4-a716-446655440002');
INSERT INTO mascota (id, nombre, fecha_nacimiento, biografia, avatar, raza_id, especie_id, usuario_id)
VALUES ('550e8400-e29b-41d4-a716-446655440102', 'Rocky', '2021-01-10', 'Beagle aventurero y curioso.', 'https://example.com/avatars/rocky.jpg', '550e8400-e29b-41d4-a716-446655440005', '550e8400-e29b-41d4-a716-446655440000', '550e8400-e29b-41d4-a716-446655440003');
INSERT INTO mascota (id, nombre, fecha_nacimiento, biografia, avatar, raza_id, especie_id, usuario_id)
VALUES ('550e8400-e29b-41d4-a716-446655440103', 'Nala', '2022-03-05', 'Bengalí activa y juguetona.', 'https://example.com/avatars/nala.jpg', '550e8400-e29b-41d4-a716-446655440004', '550e8400-e29b-41d4-a716-446655440001', '550e8400-e29b-41d4-a716-446655440004');
INSERT INTO mascota (id, nombre, fecha_nacimiento, biografia, avatar, raza_id, especie_id, usuario_id)
VALUES ('550e8400-e29b-41d4-a716-446655440104', 'Thor', '2018-07-21', 'Husky siberiano con mucha energía.', 'https://example.com/avatars/thor.jpg', '550e8400-e29b-41d4-a716-446655440006', '550e8400-e29b-41d4-a716-446655440000', '550e8400-e29b-41d4-a716-446655440002');
INSERT INTO mascota (id, nombre, fecha_nacimiento, biografia, avatar, raza_id, especie_id, usuario_id)
VALUES ('550e8400-e29b-41d4-a716-446655440105', 'Milo', '2023-01-15', 'Un pez dorado que adora nadar.', 'https://example.com/avatars/milo.jpg', '550e8400-e29b-41d4-a716-446655440005', '550e8400-e29b-41d4-a716-446655440005', '550e8400-e29b-41d4-a716-446655440003');
INSERT INTO mascota (id, nombre, fecha_nacimiento, biografia, avatar, raza_id, especie_id, usuario_id)
VALUES ('550e8400-e29b-41d4-a716-446655440111', 'Pio', '2024-03-15', 'Un canario muy alegre que le encanta cantar.', 'https://example.com/avatars/pio.jpg', '550e8400-e29b-41d4-a716-446655440009', '550e8400-e29b-41d4-a716-446655440002', '550e8400-e29b-41d4-a716-446655440006');
INSERT INTO mascota (id, nombre, fecha_nacimiento, biografia, avatar, raza_id, especie_id, usuario_id)
VALUES ('550e8400-e29b-41d4-a716-446655440112', 'Croquetas', '2022-07-01', 'Un hámster muy curioso al que le gusta explorar.', 'https://example.com/avatars/croquetas.jpg', '550e8400-e29b-41d4-a716-446655440015', '550e8400-e29b-41d4-a716-446655440009', '550e8400-e29b-41d4-a716-446655440001');
INSERT INTO mascota (id, nombre, fecha_nacimiento, biografia, avatar, raza_id, especie_id, usuario_id)
VALUES ('550e8400-e29b-41d4-a716-446655440113', 'Sir Hiss', '2023-05-20', 'Una serpiente de maíz muy tranquila y fácil de cuidar.', 'https://example.com/avatars/sirhiss.jpg', '550e8400-e29b-41d4-a716-446655440011', '550e8400-e29b-41d4-a716-446655440003', '550e8400-e29b-41d4-a716-446655440004');
INSERT INTO mascota (id, nombre, fecha_nacimiento, biografia, avatar, raza_id, especie_id, usuario_id)
VALUES ('550e8400-e29b-41d4-a716-446655440114', 'Anfibio', '2024-01-01', 'Una rana arborícola muy ágil y de colores brillantes.', 'https://example.com/avatars/anfibio.jpg', '550e8400-e29b-41d4-a716-446655440013', '550e8400-e29b-41d4-a716-446655440004', '550e8400-e29b-41d4-a716-446655440003');
INSERT INTO mascota (id, nombre, fecha_nacimiento, biografia, avatar, raza_id, especie_id, usuario_id)
VALUES ('550e8400-e29b-41d4-a716-446655440115', 'Nemo', '2023-11-10', 'Un pez payaso muy curioso que le encanta explorar su acuario.', 'https://example.com/avatars/nemo.jpg', '550e8400-e29b-41d4-a716-446655440014', '550e8400-e29b-41d4-a716-446655440005', '550e8400-e29b-41d4-a716-446655440002');
INSERT INTO mascota (id, nombre, fecha_nacimiento, biografia, avatar, raza_id, especie_id, usuario_id)
VALUES ('550e8400-e29b-41d4-a716-446655440116', 'Aranita', '2024-04-01', 'Una tarántula muy tranquila y fascinante.', 'https://example.com/avatars/arañita.jpg', '550e8400-e29b-41d4-a716-446655440016', '550e8400-e29b-41d4-a716-446655440006', '550e8400-e29b-41d4-a716-446655440005');
INSERT INTO mascota (id, nombre, fecha_nacimiento, biografia, avatar, raza_id, especie_id, usuario_id)
VALUES ('550e8400-e29b-41d4-a716-446655440117', 'Spirit', '2022-08-01', 'Un caballo mustang salvaje de corazón.', 'https://example.com/avatars/spirit.jpg', '550e8400-e29b-41d4-a716-446655440012', '550e8400-e29b-41d4-a716-446655440007', '550e8400-e29b-41d4-a716-446655440003');
INSERT INTO mascota (id, nombre, fecha_nacimiento, biografia, avatar, raza_id, especie_id, usuario_id)
VALUES ('550e8400-e29b-41d4-a716-446655440118', 'Bella', '2023-03-10', 'Una oveja merina muy lanuda y tranquila.', 'https://example.com/avatars/bella.jpg', '550e8400-e29b-41d4-a716-446655440017', '550e8400-e29b-41d4-a716-446655440008', '550e8400-e29b-41d4-a716-446655440002');
INSERT INTO mascota (id, nombre, fecha_nacimiento, biografia, avatar, raza_id, especie_id, usuario_id)
VALUES ('550e8400-e29b-41d4-a716-446655440119', 'Jerry', '2021-06-01', 'Un ratón de campo muy escurridizo y listo.', 'https://example.com/avatars/jerry.jpg', '550e8400-e29b-41d4-a716-446655440018', '550e8400-e29b-41d4-a716-446655440009', '550e8400-e29b-41d4-a716-446655440005');
INSERT INTO mascota (id, nombre, fecha_nacimiento, biografia, avatar, raza_id, especie_id, usuario_id)
VALUES ('550e8400-e29b-41d4-a716-446655440120', 'Simba', '2020-09-15', 'Un cachorro de león africano muy curioso y juguetón.', 'https://example.com/avatars/simba.jpg', '550e8400-e29b-41d4-a716-446655440019', '550e8400-e29b-41d4-a716-446655440010', '550e8400-e29b-41d4-a716-446655440001');
INSERT INTO mascota (id, nombre, fecha_nacimiento, biografia, avatar, raza_id, especie_id, usuario_id)
VALUES ('550e8400-e29b-41d4-a716-446655440121', 'Piolin', '2024-05-01', 'Un canario amarillo muy dulce y melodioso.', 'https://example.com/avatars/piolin.jpg', '550e8400-e29b-41d4-a716-446655440020', '550e8400-e29b-41d4-a716-446655440002', '550e8400-e29b-41d4-a716-446655440004');
INSERT INTO mascota (id, nombre, fecha_nacimiento, biografia, avatar, raza_id, especie_id, usuario_id)
VALUES ('550e8400-e29b-41d4-a716-446655440122', 'Crush', '2022-12-01', 'Una tortuga marina muy longeva y sabia.', 'https://example.com/avatars/crush.jpg', '550e8400-e29b-41d4-a716-446655440021', '550e8400-e29b-41d4-a716-446655440003', '550e8400-e29b-41d4-a716-446655440006');
INSERT INTO mascota (id, nombre, fecha_nacimiento, biografia, avatar, raza_id, especie_id, usuario_id)
VALUES ('550e8400-e29b-41d4-a716-446655440123', 'Lucas', '2023-09-10', 'Un conejo belier muy tranquilo y cariñoso.', 'https://example.com/avatars/lucas.jpg', '550e8400-e29b-41d4-a716-446655440022', '550e8400-e29b-41d4-a716-446655440009', '550e8400-e29b-41d4-a716-446655440001');
INSERT INTO mascota (id, nombre, fecha_nacimiento, biografia, avatar, raza_id, especie_id, usuario_id)
VALUES ('550e8400-e29b-41d4-a716-446655440124', 'Salem', '2021-02-14', 'Un gato negro muy misterioso y elegante.', 'https://example.com/avatars/salem.jpg', '550e8400-e29b-41d4-a716-446655440023', '550e8400-e29b-41d4-a716-446655440001', '550e8400-e29b-41d4-a716-446655440003');
INSERT INTO mascota (id, nombre, fecha_nacimiento, biografia, avatar, raza_id, especie_id, usuario_id)
VALUES ('550e8400-e29b-41d4-a716-446655440125', 'Rayo', '2019-11-01', 'Un galgo español muy rápido y juguetón.', 'https://example.com/avatars/rayo.jpg', '550e8400-e29b-41d4-a716-446655440024', '550e8400-e29b-41d4-a716-446655440000', '550e8400-e29b-41d4-a716-446655440005');
INSERT INTO mascota (id, nombre, fecha_nacimiento, biografia, avatar, raza_id, especie_id, usuario_id)
VALUES ('550e8400-e29b-41d4-a716-446655440126', 'Coral', '2023-07-15', 'Un pez ángel muy colorido y elegante.', 'https://example.com/avatars/coral.jpg', '550e8400-e29b-41d4-a716-446655440025', '550e8400-e29b-41d4-a716-446655440005', '550e8400-e29b-41d4-a716-446655440002');
INSERT INTO mascota (id, nombre, fecha_nacimiento, biografia, avatar, raza_id, especie_id, usuario_id)
VALUES ('550e8400-e29b-41d4-a716-446655440127', 'Canto', '2024-02-20', 'Un ruiseñor con un canto melodioso.', 'https://example.com/avatars/canto.jpg', '550e8400-e29b-41d4-a716-446655440026', '550e8400-e29b-41d4-a716-446655440002', '550e8400-e29b-41d4-a716-446655440003');

--publicacion
INSERT INTO publicacion (id, image, descripcion, fecha_publicacion, usuario_id, mascota_id)
VALUES ('550e8400-e29b-41d4-a716-446655440200', 'Image', 'Max disfrutando del parque en un día soleado.', '2025-02-20', '550e8400-e29b-41d4-a716-446655440001', '550e8400-e29b-41d4-a716-446655440100');
INSERT INTO publicacion (id, image, descripcion, fecha_publicacion, usuario_id, mascota_id)
VALUES ('550e8400-e29b-41d4-a716-446655440201', 'Image', 'Luna se escondió en una caja hoy, ¡es tan adorable!', '2025-02-21', '550e8400-e29b-41d4-a716-446655440002', '550e8400-e29b-41d4-a716-446655440101');
INSERT INTO publicacion (id, image, descripcion, fecha_publicacion, usuario_id, mascota_id)
VALUES ('550e8400-e29b-41d4-a716-446655440202', 'Image', 'Rocky participará en una carrera de perros este fin de semana.', '2025-02-22', '550e8400-e29b-41d4-a716-446655440003', '550e8400-e29b-41d4-a716-446655440102');
INSERT INTO publicacion (id, image, descripcion, fecha_publicacion, usuario_id, mascota_id)
VALUES ('550e8400-e29b-41d4-a716-446655440203', 'Image', 'Nala cazando una pelota en el jardín.', '2025-02-23', '550e8400-e29b-41d4-a716-446655440004', '550e8400-e29b-41d4-a716-446655440103');
INSERT INTO publicacion (id, image, descripcion, fecha_publicacion, usuario_id, mascota_id)
VALUES ('550e8400-e29b-41d4-a716-446655440204', 'Image', 'Thor ladrando a la nieve como si fuera la primera vez.', '2025-02-24', '550e8400-e29b-41d4-a716-446655440002', '550e8400-e29b-41d4-a716-446655440104');
INSERT INTO publicacion (id, image, descripcion, fecha_publicacion, usuario_id, mascota_id)
VALUES ('550e8400-e29b-41d4-a716-446655440205', 'Image', 'Milo nadando en su nueva pecera decorada.', '2025-02-19', '550e8400-e29b-41d4-a716-446655440003', '550e8400-e29b-41d4-a716-446655440105');
INSERT INTO publicacion (id, image, descripcion, fecha_publicacion, usuario_id, mascota_id)
VALUES ('550e8400-e29b-41d4-a716-446655440206', 'Image', 'Max irá a una sesión de entrenamiento mañana.', '2025-02-23', '550e8400-e29b-41d4-a716-446655440001', '550e8400-e29b-41d4-a716-446655440100');
INSERT INTO publicacion (id, image, descripcion, fecha_publicacion, usuario_id, mascota_id)
VALUES ('550e8400-e29b-41d4-a716-446655440207', 'Image', 'Luna durmiendo en el sofá, parece una reina.', '2025-02-18', '550e8400-e29b-41d4-a716-446655440002', '550e8400-e29b-41d4-a716-446655440101');
INSERT INTO publicacion (id, image, descripcion, fecha_publicacion, usuario_id, mascota_id)
VALUES
    ('550e8400-e29b-41d4-a716-446655440208', 'Image', 'Rocky aprendió a dar la pata hoy. ¡Estamos orgullosos!', '2025-02-25', '550e8400-e29b-41d4-a716-446655440003', '550e8400-e29b-41d4-a716-446655440102'),
    ('550e8400-e29b-41d4-a716-446655440209', 'Image', 'Nala se trepó al sofá aunque no debería... pero mírenla.', '2025-02-26', '550e8400-e29b-41d4-a716-446655440004', '550e8400-e29b-41d4-a716-446655440103'),
    ('550e8400-e29b-41d4-a716-446655440210', 'Image', 'Thor encontró un nuevo amigo en el parque hoy.', '2025-02-26', '550e8400-e29b-41d4-a716-446655440002', '550e8400-e29b-41d4-a716-446655440104'),
    ('550e8400-e29b-41d4-a716-446655440211', 'Image', 'Milo investigando su castillo de burbujas como un verdadero explorador.', '2025-02-27', '550e8400-e29b-41d4-a716-446655440003', '550e8400-e29b-41d4-a716-446655440105'),
    ('550e8400-e29b-41d4-a716-446655440212', 'Image', 'Max jugando con otros perros en la plaza.', '2025-02-27', '550e8400-e29b-41d4-a716-446655440001', '550e8400-e29b-41d4-a716-446655440100'),
    ('550e8400-e29b-41d4-a716-446655440213', 'Image', 'Luna posando junto a la ventana como una modelo felina.', '2025-02-28', '550e8400-e29b-41d4-a716-446655440002', '550e8400-e29b-41d4-a716-446655440101'),
    ('550e8400-e29b-41d4-a716-446655440214', 'Image', 'Rocky corriendo detrás de su pelota favorita.', '2025-02-28', '550e8400-e29b-41d4-a716-446655440003', '550e8400-e29b-41d4-a716-446655440102'),
    ('550e8400-e29b-41d4-a716-446655440215', 'Image', 'Nala aprendió un nuevo truco: girar sobre sí misma.', '2025-03-01', '550e8400-e29b-41d4-a716-446655440004', '550e8400-e29b-41d4-a716-446655440103'),
    ('550e8400-e29b-41d4-a716-446655440216', 'Image', 'Thor y Luna compartiendo un momento juntos, ¡qué dulzura!', '2025-03-01', '550e8400-e29b-41d4-a716-446655440002', '550e8400-e29b-41d4-a716-446655440104'),
    ('550e8400-e29b-41d4-a716-446655440217', 'Image', 'Milo se asustó con su reflejo, ¡pobrecito!', '2025-03-02', '550e8400-e29b-41d4-a716-446655440003', '550e8400-e29b-41d4-a716-446655440105');
-- Publicaciones Enero
INSERT INTO publicacion (id, image, descripcion, fecha_publicacion, usuario_id, mascota_id) VALUES
                                                                                                ('550e8400-e29b-41d4-a716-446655440300', 'Image', 'Max corriendo en la playa.', '2025-01-05', '550e8400-e29b-41d4-a716-446655440001', '550e8400-e29b-41d4-a716-446655440100'),
                                                                                                ('550e8400-e29b-41d4-a716-446655440301', 'Image', 'Luna descubriendo una caja nueva.', '2025-01-08', '550e8400-e29b-41d4-a716-446655440002', '550e8400-e29b-41d4-a716-446655440101'),
                                                                                                ('550e8400-e29b-41d4-a716-446655440302', 'Image', 'Rocky y su juguete favorito.', '2025-01-10', '550e8400-e29b-41d4-a716-446655440003', '550e8400-e29b-41d4-a716-446655440102'),
                                                                                                ('550e8400-e29b-41d4-a716-446655440303', 'Image', 'Nala mirando por la ventana.', '2025-01-12', '550e8400-e29b-41d4-a716-446655440004', '550e8400-e29b-41d4-a716-446655440103'),
                                                                                                ('550e8400-e29b-41d4-a716-446655440304', 'Image', 'Thor ladrando a su reflejo.', '2025-01-15', '550e8400-e29b-41d4-a716-446655440002', '550e8400-e29b-41d4-a716-446655440104');

-- Febrero
INSERT INTO publicacion (id, image, descripcion, fecha_publicacion, usuario_id, mascota_id) VALUES
                                                                                                ('550e8400-e29b-41d4-a716-446655440305', 'Image', 'Milo con su nueva pecera.', '2025-02-01', '550e8400-e29b-41d4-a716-446655440003', '550e8400-e29b-41d4-a716-446655440105'),
                                                                                                ('550e8400-e29b-41d4-a716-446655440306', 'Image', 'Max durmiendo después de jugar.', '2025-02-05', '550e8400-e29b-41d4-a716-446655440001', '550e8400-e29b-41d4-a716-446655440100'),
                                                                                                ('550e8400-e29b-41d4-a716-446655440307', 'Image', 'Luna trepando la cortina.', '2025-02-07', '550e8400-e29b-41d4-a716-446655440002', '550e8400-e29b-41d4-a716-446655440101'),
                                                                                                ('550e8400-e29b-41d4-a716-446655440308', 'Image', 'Rocky dando un paseo por el parque.', '2025-02-10', '550e8400-e29b-41d4-a716-446655440003', '550e8400-e29b-41d4-a716-446655440102'),
                                                                                                ('550e8400-e29b-41d4-a716-446655440309', 'Image', 'Nala aprendiendo un truco nuevo.', '2025-02-12', '550e8400-e29b-41d4-a716-446655440004', '550e8400-e29b-41d4-a716-446655440103');

-- Marzo
INSERT INTO publicacion (id, image, descripcion, fecha_publicacion, usuario_id, mascota_id) VALUES
                                                                                                ('550e8400-e29b-41d4-a716-446655440310', 'Image', 'Thor bajo la lluvia.', '2025-03-03', '550e8400-e29b-41d4-a716-446655440002', '550e8400-e29b-41d4-a716-446655440104'),
                                                                                                ('550e8400-e29b-41d4-a716-446655440311', 'Image', 'Milo jugando con burbujas.', '2025-03-04', '550e8400-e29b-41d4-a716-446655440003', '550e8400-e29b-41d4-a716-446655440105'),
                                                                                                ('550e8400-e29b-41d4-a716-446655440312', 'Image', 'Max olfateando flores.', '2025-03-06', '550e8400-e29b-41d4-a716-446655440001', '550e8400-e29b-41d4-a716-446655440100'),
                                                                                                ('550e8400-e29b-41d4-a716-446655440313', 'Image', 'Luna escondida en el armario.', '2025-03-08', '550e8400-e29b-41d4-a716-446655440002', '550e8400-e29b-41d4-a716-446655440101'),
                                                                                                ('550e8400-e29b-41d4-a716-446655440314', 'Image', 'Rocky en el veterinario.', '2025-03-10', '550e8400-e29b-41d4-a716-446655440003', '550e8400-e29b-41d4-a716-446655440102');

-- Abril
INSERT INTO publicacion (id, image, descripcion, fecha_publicacion, usuario_id, mascota_id) VALUES
                                                                                                ('550e8400-e29b-41d4-a716-446655440315', 'Image', 'Nala cazando mariposas.', '2025-04-01', '550e8400-e29b-41d4-a716-446655440004', '550e8400-e29b-41d4-a716-446655440103'),
                                                                                                ('550e8400-e29b-41d4-a716-446655440316', 'Image', 'Thor corriendo por el campo.', '2025-04-04', '550e8400-e29b-41d4-a716-446655440002', '550e8400-e29b-41d4-a716-446655440104'),
                                                                                                ('550e8400-e29b-41d4-a716-446655440317', 'Image', 'Milo investigando una planta.', '2025-04-06', '550e8400-e29b-41d4-a716-446655440003', '550e8400-e29b-41d4-a716-446655440105'),
                                                                                                ('550e8400-e29b-41d4-a716-446655440318', 'Image', 'Max jugando a atrapar la pelota.', '2025-04-07', '550e8400-e29b-41d4-a716-446655440001', '550e8400-e29b-41d4-a716-446655440100'),
                                                                                                ('550e8400-e29b-41d4-a716-446655440319', 'Image', 'Luna y su siesta diaria.', '2025-04-09', '550e8400-e29b-41d4-a716-446655440002', '550e8400-e29b-41d4-a716-446655440101');

-- Mayo
INSERT INTO publicacion (id, image, descripcion, fecha_publicacion, usuario_id, mascota_id) VALUES
                                                                                                ('550e8400-e29b-41d4-a716-446655440320', 'Image', 'Rocky saludando a nuevos amigos.', '2025-05-01', '550e8400-e29b-41d4-a716-446655440003', '550e8400-e29b-41d4-a716-446655440102'),
                                                                                                ('550e8400-e29b-41d4-a716-446655440321', 'Image', 'Nala disfrutando del sol.', '2025-05-03', '550e8400-e29b-41d4-a716-446655440004', '550e8400-e29b-41d4-a716-446655440103'),
                                                                                                ('550e8400-e29b-41d4-a716-446655440324', 'Image', 'Max y Luna compartiendo un snack.', '2025-05-10', '550e8400-e29b-41d4-a716-446655440001', '550e8400-e29b-41d4-a716-446655440100');

-- Junio
INSERT INTO publicacion (id, image, descripcion, fecha_publicacion, usuario_id, mascota_id) VALUES
                                                                                                ('550e8400-e29b-41d4-a716-446655440325', 'Image', 'Luna explorando el jardín.', '2025-06-01', '550e8400-e29b-41d4-a716-446655440002', '550e8400-e29b-41d4-a716-446655440101'),
                                                                                                ('550e8400-e29b-41d4-a716-446655440326', 'Image', 'Rocky aprendiendo a sentarse.', '2025-06-03', '550e8400-e29b-41d4-a716-446655440003', '550e8400-e29b-41d4-a716-446655440102'),
                                                                                                ('550e8400-e29b-41d4-a716-446655440327', 'Image', 'Nala y su peluche favorito.', '2025-06-06', '550e8400-e29b-41d4-a716-446655440004', '550e8400-e29b-41d4-a716-446655440103');



-- Julio
INSERT INTO publicacion (id, image, descripcion, fecha_publicacion, usuario_id, mascota_id) VALUES
    ('550e8400-e29b-41d4-a716-446655440330', 'Image', 'Max en la piscina por primera vez.', '2025-07-03', '550e8400-e29b-41d4-a716-446655440001', '550e8400-e29b-41d4-a716-446655440100'),
    ('550e8400-e29b-41d4-a716-446655440331', 'Image', 'Luna observando pájaros desde la ventana.', '2025-07-08', '550e8400-e29b-41d4-a716-446655440002', '550e8400-e29b-41d4-a716-446655440101'),
    ('550e8400-e29b-41d4-a716-446655440332', 'Image', 'Rocky corriendo por la playa.', '2025-07-15', '550e8400-e29b-41d4-a716-446655440003', '550e8400-e29b-41d4-a716-446655440102');

-- Agosto
INSERT INTO publicacion (id, image, descripcion, fecha_publicacion, usuario_id, mascota_id) VALUES
                                                                                                ('550e8400-e29b-41d4-a716-446655440333', 'Image', 'Nala dormida en la hamaca.', '2025-08-02', '550e8400-e29b-41d4-a716-446655440004', '550e8400-e29b-41d4-a716-446655440103'),
                                                                                                ('550e8400-e29b-41d4-a716-446655440334', 'Image', 'Thor corriendo detrás de mariposas.', '2025-08-06', '550e8400-e29b-41d4-a716-446655440002', '550e8400-e29b-41d4-a716-446655440104'),
                                                                                                ('550e8400-e29b-41d4-a716-446655440335', 'Image', 'Milo comiendo su comida favorita.', '2025-08-09', '550e8400-e29b-41d4-a716-446655440003', '550e8400-e29b-41d4-a716-446655440105'),
                                                                                                ('550e8400-e29b-41d4-a716-446655440336', 'Image', 'Max en un paseo nocturno.', '2025-08-12', '550e8400-e29b-41d4-a716-446655440001', '550e8400-e29b-41d4-a716-446655440100'),
                                                                                                ('550e8400-e29b-41d4-a716-446655440337', 'Image', 'Luna y sus aventuras en el jardín.', '2025-08-17', '550e8400-e29b-41d4-a716-446655440002', '550e8400-e29b-41d4-a716-446655440101');

-- Septiembre
INSERT INTO publicacion (id, image, descripcion, fecha_publicacion, usuario_id, mascota_id) VALUES
                                                                                                ('550e8400-e29b-41d4-a716-446655440338', 'Image', 'Rocky estrenando su collar nuevo.', '2025-09-03', '550e8400-e29b-41d4-a716-446655440003', '550e8400-e29b-41d4-a716-446655440102'),
                                                                                                ('550e8400-e29b-41d4-a716-446655440339', 'Image', 'Nala jugando con hojas secas.', '2025-09-07', '550e8400-e29b-41d4-a716-446655440004', '550e8400-e29b-41d4-a716-446655440103'),
                                                                                                ('550e8400-e29b-41d4-a716-446655440340', 'Image', 'Thor descansando bajo el sol.', '2025-09-12', '550e8400-e29b-41d4-a716-446655440002', '550e8400-e29b-41d4-a716-446655440104'),
                                                                                                ('550e8400-e29b-41d4-a716-446655440341', 'Image', 'Milo mirando la lluvia caer.', '2025-09-15', '550e8400-e29b-41d4-a716-446655440003', '550e8400-e29b-41d4-a716-446655440105');

-- Octubre
INSERT INTO publicacion (id, image, descripcion, fecha_publicacion, usuario_id, mascota_id) VALUES
                                                                                                ('550e8400-e29b-41d4-a716-446655440342', 'Image', 'Max disfrazado para Halloween.', '2025-10-01', '550e8400-e29b-41d4-a716-446655440001', '550e8400-e29b-41d4-a716-446655440100'),
                                                                                                ('550e8400-e29b-41d4-a716-446655440343', 'Image', 'Luna jugando con calabazas.', '2025-10-04', '550e8400-e29b-41d4-a716-446655440002', '550e8400-e29b-41d4-a716-446655440101'),
                                                                                                ('550e8400-e29b-41d4-a716-446655440344', 'Image', 'Rocky con su nuevo abrigo.', '2025-10-08', '550e8400-e29b-41d4-a716-446655440003', '550e8400-e29b-41d4-a716-446655440102'),
                                                                                                ('550e8400-e29b-41d4-a716-446655440345', 'Image', 'Nala visitando el veterinario.', '2025-10-12', '550e8400-e29b-41d4-a716-446655440004', '550e8400-e29b-41d4-a716-446655440103'),
                                                                                                ('550e8400-e29b-41d4-a716-446655440346', 'Image', 'Thor disfrutando de una caminata otoñal.', '2025-10-16', '550e8400-e29b-41d4-a716-446655440002', '550e8400-e29b-41d4-a716-446655440104'),
                                                                                                ('550e8400-e29b-41d4-a716-446655440347', 'Image', 'Milo persiguiendo sombras.', '2025-10-20', '550e8400-e29b-41d4-a716-446655440003', '550e8400-e29b-41d4-a716-446655440105');

-- Noviembre
INSERT INTO publicacion (id, image, descripcion, fecha_publicacion, usuario_id, mascota_id) VALUES
                                                                                                ('550e8400-e29b-41d4-a716-446655440348', 'Image', 'Max esperando en la ventana.', '2025-11-02', '550e8400-e29b-41d4-a716-446655440001', '550e8400-e29b-41d4-a716-446655440100'),
                                                                                                ('550e8400-e29b-41d4-a716-446655440349', 'Image', 'Luna y el árbol sin hojas.', '2025-11-07', '550e8400-e29b-41d4-a716-446655440002', '550e8400-e29b-41d4-a716-446655440101'),
                                                                                                ('550e8400-e29b-41d4-a716-446655440350', 'Image', 'Rocky tomando siesta en la alfombra.', '2025-11-11', '550e8400-e29b-41d4-a716-446655440003', '550e8400-e29b-41d4-a716-446655440102');

-- Diciembre
INSERT INTO publicacion (id, image, descripcion, fecha_publicacion, usuario_id, mascota_id) VALUES
                                                                                                ('550e8400-e29b-41d4-a716-446655440351', 'Image', 'Nala entre regalos navideños.', '2025-12-01', '550e8400-e29b-41d4-a716-446655440004', '550e8400-e29b-41d4-a716-446655440103'),
                                                                                                ('550e8400-e29b-41d4-a716-446655440352', 'Image', 'Thor con gorro de navidad.', '2025-12-05', '550e8400-e29b-41d4-a716-446655440002', '550e8400-e29b-41d4-a716-446655440104'),
                                                                                                ('550e8400-e29b-41d4-a716-446655440353', 'Image', 'Milo mirando las luces navideñas.', '2025-12-10', '550e8400-e29b-41d4-a716-446655440003', '550e8400-e29b-41d4-a716-446655440105'),
                                                                                                ('550e8400-e29b-41d4-a716-446655440354', 'Image', 'Max y Luna junto al árbol.', '2025-12-24', '550e8400-e29b-41d4-a716-446655440001', '550e8400-e29b-41d4-a716-446655440100');

--likes
INSERT INTO likes (publicacion_id, usuario_id, fecha_realizada)
VALUES ('550e8400-e29b-41d4-a716-446655440200', '550e8400-e29b-41d4-a716-446655440002', '2025-02-20');
INSERT INTO likes (publicacion_id, usuario_id, fecha_realizada)
VALUES ('550e8400-e29b-41d4-a716-446655440200', '550e8400-e29b-41d4-a716-446655440003', '2025-02-21');
INSERT INTO likes (publicacion_id, usuario_id, fecha_realizada)
VALUES ('550e8400-e29b-41d4-a716-446655440200', '550e8400-e29b-41d4-a716-446655440004', '2025-02-22');
INSERT INTO likes (publicacion_id, usuario_id, fecha_realizada)
VALUES ('550e8400-e29b-41d4-a716-446655440201', '550e8400-e29b-41d4-a716-446655440001', '2025-02-21');
INSERT INTO likes(publicacion_id, usuario_id, fecha_realizada)
VALUES ('550e8400-e29b-41d4-a716-446655440201', '550e8400-e29b-41d4-a716-446655440004', '2025-02-23');
INSERT INTO likes (publicacion_id, usuario_id, fecha_realizada)
VALUES ('550e8400-e29b-41d4-a716-446655440202', '550e8400-e29b-41d4-a716-446655440001', '2025-02-22');
INSERT INTO likes (publicacion_id, usuario_id, fecha_realizada)
VALUES ('550e8400-e29b-41d4-a716-446655440202', '550e8400-e29b-41d4-a716-446655440002', '2025-02-23');
INSERT INTO likes (publicacion_id, usuario_id, fecha_realizada)
VALUES ('550e8400-e29b-41d4-a716-446655440203', '550e8400-e29b-41d4-a716-446655440003', '2025-02-23');
INSERT INTO likes (publicacion_id, usuario_id, fecha_realizada)
VALUES ('550e8400-e29b-41d4-a716-446655440203', '550e8400-e29b-41d4-a716-446655440002', '2025-02-24');
INSERT INTO likes (publicacion_id, usuario_id, fecha_realizada)
VALUES ('550e8400-e29b-41d4-a716-446655440204', '550e8400-e29b-41d4-a716-446655440001', '2025-02-24');
INSERT INTO likes (publicacion_id, usuario_id, fecha_realizada)
VALUES ('550e8400-e29b-41d4-a716-446655440204', '550e8400-e29b-41d4-a716-446655440003', '2025-02-24');
INSERT INTO likes (publicacion_id, usuario_id, fecha_realizada)
VALUES ('550e8400-e29b-41d4-a716-446655440205', '550e8400-e29b-41d4-a716-446655440002', '2025-02-19');

--Comentarios
INSERT INTO comentario (id, comentario, fecha_realizada, publicacion_id, usuario_id)
VALUES ('550e8400-e29b-41d4-a716-446655440300', '¡Max se ve súper feliz en el parque!', '2025-02-20', '550e8400-e29b-41d4-a716-446655440200', '550e8400-e29b-41d4-a716-446655440002');
INSERT INTO comentario (id, comentario, fecha_realizada, publicacion_id, usuario_id)
VALUES ('550e8400-e29b-41d4-a716-446655440301', 'Qué energía tiene Max, ¡increíble!', '2025-02-21', '550e8400-e29b-41d4-a716-446655440200', '550e8400-e29b-41d4-a716-446655440003');
INSERT INTO comentario (id, comentario, fecha_realizada, publicacion_id, usuario_id)
VALUES ('550e8400-e29b-41d4-a716-446655440302', 'Max siempre robándose el show.', '2025-02-22', '550e8400-e29b-41d4-a716-446655440200', '550e8400-e29b-41d4-a716-446655440004');
INSERT INTO comentario (id, comentario, fecha_realizada, publicacion_id, usuario_id)
VALUES ('550e8400-e29b-41d4-a716-446655440303', 'Luna en una caja, ¡qué ternura!', '2025-02-21', '550e8400-e29b-41d4-a716-446655440201', '550e8400-e29b-41d4-a716-446655440001');
INSERT INTO comentario (id, comentario, fecha_realizada, publicacion_id, usuario_id)
VALUES ('550e8400-e29b-41d4-a716-446655440304', '¡Luna es la reina de las cajas!', '2025-02-22', '550e8400-e29b-41d4-a716-446655440201', '550e8400-e29b-41d4-a716-446655440004');
INSERT INTO comentario (id, comentario, fecha_realizada, publicacion_id, usuario_id)
VALUES ('550e8400-e29b-41d4-a716-446655440305', '¿Cómo hace Luna para ser tan adorable?', '2025-02-23', '550e8400-e29b-41d4-a716-446655440201', '550e8400-e29b-41d4-a716-446655440003');
INSERT INTO comentario (id, comentario, fecha_realizada, publicacion_id, usuario_id)
VALUES ('550e8400-e29b-41d4-a716-446655440306', '¡Suerte a Rocky en la carrera!', '2025-02-22', '550e8400-e29b-41d4-a716-446655440202', '550e8400-e29b-41d4-a716-446655440001');
INSERT INTO comentario (id, comentario, fecha_realizada, publicacion_id, usuario_id)
VALUES ('550e8400-e29b-41d4-a716-446655440307', 'Rocky va a arrasar este fin de semana.', '2025-02-23', '550e8400-e29b-41d4-a716-446655440202', '550e8400-e29b-41d4-a716-446655440002');
INSERT INTO comentario (id, comentario, fecha_realizada, publicacion_id, usuario_id)
VALUES ('550e8400-e29b-41d4-a716-446655440308', 'Rocky es todo un atleta, ¡increíble!', '2025-02-24', '550e8400-e29b-41d4-a716-446655440202', '550e8400-e29b-41d4-a716-446655440004');
INSERT INTO comentario (id, comentario, fecha_realizada, publicacion_id, usuario_id)
VALUES ('550e8400-e29b-41d4-a716-446655440309', 'Nala cazando es lo más divertido.', '2025-02-23', '550e8400-e29b-41d4-a716-446655440203', '550e8400-e29b-41d4-a716-446655440003');
INSERT INTO comentario (id, comentario, fecha_realizada, publicacion_id, usuario_id)
VALUES ('550e8400-e29b-41d4-a716-446655440310', '¡Qué ágil es Nala! Me encanta.', '2025-02-24', '550e8400-e29b-41d4-a716-446655440203', '550e8400-e29b-41d4-a716-446655440002');
INSERT INTO comentario (id, comentario, fecha_realizada, publicacion_id, usuario_id)
VALUES ('550e8400-e29b-41d4-a716-446655440311', 'Nala es una cazadora nata.', '2025-02-24', '550e8400-e29b-41d4-a716-446655440203', '550e8400-e29b-41d4-a716-446655440001');
INSERT INTO comentario (id, comentario, fecha_realizada, publicacion_id, usuario_id)
VALUES ('550e8400-e29b-41d4-a716-446655440312', 'Thor y la nieve, ¡qué combinación!', '2025-02-24', '550e8400-e29b-41d4-a716-446655440204', '550e8400-e29b-41d4-a716-446655440001');
INSERT INTO comentario (id, comentario, fecha_realizada, publicacion_id, usuario_id)
VALUES ('550e8400-e29b-41d4-a716-446655440313', 'Thor parece un cachorro con la nieve.', '2025-02-24', '550e8400-e29b-41d4-a716-446655440204', '550e8400-e29b-41d4-a716-446655440003');
INSERT INTO comentario (id, comentario, fecha_realizada, publicacion_id, usuario_id)
VALUES ('550e8400-e29b-41d4-a716-446655440314', 'Thor ladrando a la nieve es épico.', '2025-02-24', '550e8400-e29b-41d4-a716-446655440204', '550e8400-e29b-41d4-a716-446655440002');
INSERT INTO comentario (id, comentario, fecha_realizada, publicacion_id, usuario_id)
VALUES ('550e8400-e29b-41d4-a716-446655440315', 'La pecera de Milo está genial.', '2025-02-19', '550e8400-e29b-41d4-a716-446655440205', '550e8400-e29b-41d4-a716-446655440002');
INSERT INTO comentario (id, comentario, fecha_realizada, publicacion_id, usuario_id)
VALUES ('550e8400-e29b-41d4-a716-446655440316', 'Milo parece muy feliz nadando.', '2025-02-20', '550e8400-e29b-41d4-a716-446655440205', '550e8400-e29b-41d4-a716-446655440004');
INSERT INTO comentario (id, comentario, fecha_realizada, publicacion_id, usuario_id)
VALUES ('550e8400-e29b-41d4-a716-446655440317', '¡Max va a aprender nuevos trucos!', '2025-02-23', '550e8400-e29b-41d4-a716-446655440206', '550e8400-e29b-41d4-a716-446655440003');
INSERT INTO comentario (id, comentario, fecha_realizada, publicacion_id, usuario_id)
VALUES ('550e8400-e29b-41d4-a716-446655440318', 'Qué bien que Max entrene mañana.', '2025-02-24', '550e8400-e29b-41d4-a716-446655440206', '550e8400-e29b-41d4-a716-446655440002');
INSERT INTO comentario (id, comentario, fecha_realizada, publicacion_id, usuario_id)
VALUES ('550e8400-e29b-41d4-a716-446655440319', 'Luna durmiendo es un amor.', '2025-02-18', '550e8400-e29b-41d4-a716-446655440207', '550e8400-e29b-41d4-a716-446655440001');
INSERT INTO comentario (id, comentario, fecha_realizada, publicacion_id, usuario_id)
VALUES ('550e8400-e29b-41d4-a716-446655440320', '¡Luna parece tan cómoda en el sofá!', '2025-02-19', '550e8400-e29b-41d4-a716-446655440207', '550e8400-e29b-41d4-a716-446655440004');